{
  "with_rag": 1.548510941289964,
  "without_rag": 1.1067043214253427,
  "improvement": -0.44180661986462133
}